user,location,text
vickyanq,,"AS√ç NO SEAN DE COLOMBIA, COPIEN Y PEGUEN
 @ONU_es
@onucolombia 
@ONU_derechos
@CIDH
@CNNEE
@cnnbrk
@ajplusespanol‚Ä¶ https://t.co/obqYMU12aT"
MamerDread,,"El gobierno inservible y narco paramilitarmatando y desapareciendo personas.

#SOSColombia
#SOSColombiaDDHH https://t.co/4cCQwqNCmq"
El_CorruptoSoy,ùîºùïÉ ùïÑùïå‚ÑïùîªùïÜ,"Uniformados de la @PoliciaColombia ya expresan descontento por Altos Mandos Politizados. 
No m√°s inocentes muertos,‚Ä¶ https://t.co/6JhFkuThdk"
MolinaNana8712,"Bogot√°, D.C., Colombia","El apoyo al pueblo es grande!!!
#SOSColombiaDDHH 
#SOSColombiaNosEstanMatando 
#SOSColombia
#SOSColombiaEnDictadura https://t.co/T9m4V2xP1b"
Purpose_Kat,,"‚ö†Ô∏èDIFUNDIR‚ö†Ô∏è
Estos son links de cuentas en Instagram que est√°n transmitiendo en este momento lo que esta pasando en‚Ä¶ https://t.co/oERwu2Nw1y"
Patoluisangara,"Itagui, Colombia","Hago vital los siguientes hastags ‚¨áÔ∏è‚¨áÔ∏è‚¨áÔ∏è‚¨áÔ∏è

#sos
#nosestanmatando #nosest√°nmasacrando #soscolombiaddhh‚Ä¶ https://t.co/jG9r595VUj"
NanisPerea,,Ellos// los j√≥venes #soscolombiaddhh #SOSColombia #NosEstanMatando https://t.co/FqPNmtvrUB
girlsskyscraper,"Cartagena, Colombia",Las cosas como son!!!!! #SOSColombiaDDHH #NosEstanMatando #NosEstanMasacrando #NosEstanAsesinando https://t.co/db5SyMZj51
AAndres0515,Cali ,Nos est√°n matando! #SOSColombiaDDHH
TristanHerth,Colombia,"Gracias Ivan Duque unir a Colombia en su contra. Cerdo.

#SOSColombiaDDHH"
Kaossman8bm,,"Meditaba, malditos miserables de #EsmadAsesinoYViolador #SOSColombiaDDHH #maythe4thbewithyou #UribeDioLaOrden‚Ä¶ https://t.co/8uMkIszRO2"
Stephan83304563,,"AS√ç NO SEAN DE COLOMBIA, COPIEN Y PEGUEN
S.O.S COLOMBIA üá®üá¥
#SOSColombiaDDHH
#SOSColombia
@ONUHumanRights‚Ä¶ https://t.co/60iCLNtBpK"
yeonscenary,üá®üá¥ (ES/ENG),".@ONU_derechos: Firma para que la @CIDH judicialice a Ivan Duque, por cr√≠menes de lesa humanidad #SOSColombiaDDHH‚Ä¶ https://t.co/HssWFEgiE0"
saf4ry_,Medell√≠n,"@Rubiu5 IN COLOMBIA, THE GOVERNMENT IS KILLING US üá®üá¥Bandera de ColombiaBandera de Colombiaüá®üá¥
#SOSColombiaDDHH‚Ä¶ https://t.co/hutgURwCVW"
willy_araujor,,"https://t.co/VV0XB7yXoH
Petro la tiene clara, le cabe el pa√≠s en la cabeza, √©l si es un verdadero estadista. Que pe‚Ä¶ https://t.co/GfX2Gf5NRY"
CristianGalvn08,,"Guardiola es el mejor t√©cnico del mundo y no pienso discutirlo.

Por otro lado, en Colombia hay una dictadura insta‚Ä¶ https://t.co/Rq0O04Xyfe"
preso1087985,,SUPERMERCADOS EURO EST√Å VACIANDO LOS ESTANTES Y ESCONDIENDO LA COMIDA. ¬øQU√â TRAMAN? #SOSColombiaNosEstanMatando‚Ä¶ https://t.co/kACjaRqM1i
steffygalavis,colombia,.@ONU_es: Intervenga YA para detener las violaciones a los derechos humanos promovida por el Gobierno Colombiano‚Ä¶ https://t.co/xO9rB39PcK
JorgeVa94001017,,"#SOSColombiaDDHH #FuerzaCOLOMBIA #ColombiaSOS #CaliResiste
D√≠ganme si esto es verdad acaban de decir esto en caraco‚Ä¶ https://t.co/gJ6xSEFZJu"
callmeojitos,Nasa,#SOSColombiaDDHH en colombia nos est√°n matando
AlemarDuMe89,,Todos los v√≠deos de las violaciones de los DDHH por parte de la polic√≠a y el ESMAD est√°n aqu√≠:‚Ä¶ https://t.co/8TKEgxuDvr
camilo_blla,,"#SOSColombiaDDHH el miedo era ser como Venezuela, ahora estamos peor."
LYayaOrtiz,Bogota,Nadie pide nada regalado lo que queremos son oportunidades para salir adelante #SOSColombiaDDHH
pjiminpalet,,.@ONU_es: Intervenga YA para detener las violaciones a los derechos humanos promovida por el Gobierno Colombiano‚Ä¶ https://t.co/YpHFY3nt2l
nuncaazul,Vivo en la luna ,"VAMOS TODOS AL LIVE DE YOUTUBE DE LA ONU YA MISMO!!! A COMENTAR  üá®üá¥S. O. S  C O L O M B I Aüá®üá¥

YAYAYAYA:‚Ä¶ https://t.co/uKZWXui6zc"
AlexisRueda20,Colombia,#SOSColombiaDDHH nos est√°n matando
Alejand33311692,,Por favor ay√∫denos nos est√°n matando #SOSColombiaDDHH
Han38698410,,"@PabliOrtiz26 @AnonymousOpCOL AS√ç NO SEAN DE COLOMBIA, COPIEN Y PEGUEN
 @ONU_es
@onucolombia 
@ONU_derechos
@CIDH‚Ä¶ https://t.co/07HPbmKCtX"
redcajapandora,,"@BluRadioCo @juliomario55555 #URGENTE #SOSColombiaDDHH #Colombiaprotestas #NOSESTANMATANDO #SOSCali siloe
telesur‚Ä¶ https://t.co/Qc6JMyeGPV"
Leslye05322806,üá≤üáΩ,"‚ùóPor favor firmen, no les toma nada de tiempo ‚ùó 

.@ONU_es: Intervenga YA para detener las violaciones a los derech‚Ä¶ https://t.co/pJrTfCD85M"
hobi_18_03,,"AS√ç NO SEAN DE COLOMBIA, COPIEN Y PEGUEN
En Colombia estan pasando cosas muy feas. En este momento el gobierno est√°‚Ä¶ https://t.co/bqmKGSQgaN"
leamosaonetti,Colombia,"Escuchen al ""incendario"" de Petro habl√°ndole a los manifestantes: ""Evitar la confrontaci√≥n con la Polic√≠a es fundam‚Ä¶ https://t.co/d1iObo47bM"
JUANCAELBROKY,Colombia,Ayer en barrio F√°tima en Manizales iban matrimonios de Polic√≠as y ESMAD en moto disparando a los civiles. La persec‚Ä¶ https://t.co/Qrs8LVZuV3
hpotter071,,"#SOSColombiaDDHH Ayuda en Colombia por favor. Nos est√°n matando, la masacre sigue. Fuera Iv√°n Duque #Anonymus"
takisrojos_cris,"Guanajuato, M√©xico","Sin importar que no sean de M√©xico o de Colombia, copien y peguen. Duele ver todo lo que est√° pasando por culpa de‚Ä¶ https://t.co/AjdrgiWgB5"
darysz_,,"Est√°n en vivo en el parque san P√≠o Bucaramanga!!!!üÜò
#SOSColombiaDDHH #SOSColombiaNosEstanMatando https://t.co/Z3eQFUAS8O"
chaexotic0,,Justamente ahora estoy llorando te recordaremos como la mejor Namjoon biased diste todo de ti por tu familia estoy‚Ä¶ https://t.co/JRVv0VFoH4
chivata_adriana,,"#SOSColombiaDDHH,  #ColombiaEnAlertaRoja #ColombiaResiste NOS EST√ÅN MATANDO ESTO NO ES UN GOBIERNO SON LOS PARACO Y PAR√ÅSITOS EN EL PODER"
kpoper834,,"AS√ç NO SEAN DE COLOMBIA, COPIEN Y PEGUEN 

S.O.S COLOMBIA üá®üá¥

@ONUHumanRights
@TembloresOng
@DefensoriaCol
@PGN_COL‚Ä¶ https://t.co/Lk9S8bgGGS"
Habbo_ValenG,Bogot√° - Colombia ,"@tortuuss @mateo_g_e Fuerza Colombia
 #DuqueRenuncie #ColombiaSOS #ColombiaEnDictadura  #NosEstanMatando‚Ä¶ https://t.co/FcYchopwDT"
Younian6,,"En M√©xico estamos levantando la voz por la negligencia y falta de empat√≠a por parte de nuestros ""representantes"". Y‚Ä¶ https://t.co/nfEwSyx2pV"
kalycha23,,"Poes√≠a!!
üëå
#SOSColombiaDDHH
Falta ver como le sale la entrevista a la bestia esta noche en #CNN #UribeAsesino https://t.co/TxYArFPqnJ"
SebastianKcz,,Policia nacional? M√°s bien √°guilas negras. #SOSColombiaDDHH
Maquirogar,,.@ONU_es: Intervenga YA para detener las violaciones a los derechos humanos promovida por el Gobierno Colombiano‚Ä¶ https://t.co/szZzEcopZB
colectivoaboga,colombia,"https://t.co/kFjI8hwec0

INGRESAR A AUDIENCIA EN  LA ONU Y COMENTAR #SOSCOLOMBIADDHH

@Betocoralg @CesarPachonAgro‚Ä¶ https://t.co/vBINOAAd0f"
Han38698410,,@Biqueen08 @ONUHumanRights @TembloresOng @DefensoriaCol @PGN_COL @GobiernoBTA @CorteIDH @elpais_america @bbcmundo‚Ä¶ https://t.co/48yumP8caM
MaritMH28_TK,Per√∫,Soy de Per√∫ üáµüá™ pero mi coraz√≥n est√° con Colombia üá®üá¥                                       #SOSColombiaDDHH https://t.co/7w9xUNywkB
Jimpinku,üåå Life goes on,"@iTAEGUK_ S.O.S COLOMBIA Bandera de Colombia

@ONUHumanRights

@TembloresOng

@DefensoriaCol

@PGN_COL‚Ä¶ https://t.co/lfQBLROsUg"
Mariaisa1990,"Bogot√°, D.C., Colombia",.@ONU_es: Intervenga YA para detener las violaciones a los derechos humanos promovida por el Gobierno Colombiano‚Ä¶ https://t.co/ppo9cAgy87
YajairaArvalo2,,Llevamos siete d√≠as de paro y se ha formado una masacre gracias a la fuerza p√∫blica que supuestamente est√° para pro‚Ä¶ https://t.co/ChV7AspUDo
srtmayorga,Hell,"Si tiene links de las trasmisiones de las manifestaciones, por favor compartir, no dejen solos a los muchachos que‚Ä¶ https://t.co/gsFGFIYo0z"
Thebursinxhande,Colombia,"Quienes quieran ayudarnos, pueden hacerlo entrando a este live y comentando SOS COLOMBIA 
Gracias!! üôèüèº
#SOSColombia‚Ä¶ https://t.co/no8iKKeHvT"
jostem23,,@SARGENTOCHALA Asi se habla caray üëèüèºüëèüèºüëèüèº se siguen sumando #SOSColombiaDDHH #ParoNacionalIndefinido no mas injustas‚Ä¶ https://t.co/xvbQ1OGRZk
newordenco,"Bogot√°, D.C., Colombia","#SOSColombiaDDHH Nos Matan C√≥mo Cucarachas.
Hasta desde en Ant√°rtida Nos ven jodidos
#SOSColombiaNosEstanMatando‚Ä¶ https://t.co/kK9FQI6qnW"
taedolIz,ella | fan account ,.@ONU_es: Intervenga YA para detener las violaciones a los derechos humanos promovida por el Gobierno Colombiano‚Ä¶ https://t.co/cJ0P4REZX6
ANLIRORI,,"Necesitamos que el m√°s grande pelee por nosotros como siempre pero esta vez m√°s r√°pido, papito lindo please.. Nos e‚Ä¶ https://t.co/EXro7YUJ4w"
andreslasso,Colombia,Help!!! Sos Colombia #SOSColombiaDDHH
mouh2wtf,,"#SOSColombiaDDHH
 ""vandalismo es que nos tiremo' nosotro mismo por defender a los que nos llevaron al abismo, vanda‚Ä¶ https://t.co/SHMtBtto5f"
joaccol,En el barco de Blondel,"Muchas fuerzas hermanos colombianos, resistan un poquito mas üôèüèΩüá¶üá∑üá®üá¥!
#SosColombiaddhh https://t.co/D2cTYpEaOb"
nh4gn,,Se necesita m√°s presi√≥n internacional para parar la masacre #SOSColombiaDDHH
cacherhelena,,"COMPARTAN COMPARTAN üá®üá¥üôè
#SOSColombiaDDHH
#ParoNacional4M #FuerzaCOLOMBIA
#SOSColombiaEnDictadura #ColombiaSOS‚Ä¶ https://t.co/HlminuJDDn"
Ca_somniarmy,Colombia,"ESTE ES EL EN VIVO EN SAN P√çO 

https://t.co/t3xM6zMHni

#SOSColombiaDDHH #ParoNacional4M 
#SOSColombia #SOSColombiaNosEstanMatando"
JournalDavidP,,"Infinitas gracias a la persona que tom√≥ esta foto üëè

Las nuevas generaciones somos las encargadas de superar ese so‚Ä¶ https://t.co/oM9m64N56t"
Mauro_cardenal,"Bogota, Colombia","Que todo el mundo lo sepa; por orden de Uribe y los oscuros hilos que gobiernan este pa√≠s, Duque ejecut√≥ el plan. L‚Ä¶ https://t.co/rLkrJ5kQ6x"
tetepathykoo,üá®üá¥ she/her,"@jadevcut ‚ö†Ô∏èSOS COLOMBIA‚ö†Ô∏è
@ONUHumanRights
@ONU_es
@TembloresOng
@DefenderLiberta
@HRI_ONG
@DefensoriaCol
@PGN_COL‚Ä¶ https://t.co/EP1lgUsF57"
Pipeleaks,"Bogot√°, Colombia","@YoAlejoV Gracias a Dios tengo la conciencia tranquila que desde que tengo derecho al voto, Nunca lo he hecho por q‚Ä¶ https://t.co/OJKzqMYx57"
Linkka03,,Usar #SOSColombiaNosEstanMatando #soscolombia #SOSColombiaDDHH
Pudu_28,Antartica,"Puede que lo que diga sea una estupidez y estoy segura que todos lo saben, pero no est√° de m√°s recordarlo:
- Si los‚Ä¶ https://t.co/KdhV2y1bXu"
avrtdmlsp2018,,"Eso @sergio_fajardo demuestre que si votamos por Ud Colombia seguir√° en la misma, deber√≠a darle verg√ºenza sacar su‚Ä¶ https://t.co/XarDzxVQoH"
jcmateus86,"Bogot√°, D.C., Colombia","#SOSColombiaDDHH. @IntlCrimCourt @ONU_derechos: Firma para que la @CIDH judicialice a Ivan Duque, por cr√≠menes de l‚Ä¶ https://t.co/xTvAFkqIqc"
BenavidesDavian,"Barranquilla, Colombia",Maldito el polic√≠a que Levante sus armas contra el pueblo #SOSColombiaDDHH #SOSColombiaNosEstanMatando #ParoNacional4M
Nei_Prieto,Bogota ,"Gracias por alzar sus voces üíúüíú
#SOSColombiaDDHH https://t.co/QvSHWCpafj"
Clarargonzales,,"Hoy la mierda es en Bucaramanga y Bogot√°
Hagamos voz que todo el mundo tenga los ojos alla #SOSColombiaDDHH #SosColombia #ColombiaSos"
onlymoonlxl,she/herüêù,"CADI DIA ESTA PEOR TODO, COLOMBIA UNIDA PUEDE CON TODO
S.O.S COLOMBIA üá®üá¥
@ONUHumanRights
@TembloresOng‚Ä¶ https://t.co/ZW2xaQNyVy"
RanchoHidden,,"Por m√°s que respire algo agradable, me perfume, heche aroma o prenda un incienso, mi querido latinoam√©rica no deja‚Ä¶ https://t.co/IDMvyO9n6T"
Slyces2,,"En latinoam√©rica no se vive, se sobrevive.

#SOSColombiaDDHH
#MexicoDeLuto
#FuerzaCOLOMBIA
#FuerzaMexico
üá¨üáπüá®üá¥üá≤üáΩ https://t.co/UZEgn5MaPw"
yudypaola97,,"Mis respetos y admiraci√≥n profunda para aquellos compa√±eros que est√°n en estos momentos en primera l√≠nea.
#Resistencia
#SOSColombiaDDHH"
armandotokarev,,- #Australia  -Colombianos en Sidney ( Town hall) manifest√°ndose en apoyo al #ParoNacional bajo la consigna de‚Ä¶ https://t.co/NzHgp8vzgV
Frxg97,,"@powerfullwitch_ SE VE, SE SIENTE, ANONYMOUS EST√Å PRESENTE

#SOSColombiaDDHH 
S.O.S COLOMBIA üá®üá¥
#SOSColombiaDDHH‚Ä¶ https://t.co/vfKNk8JJoF"
ocean94girl,,"@RevistaSemana Tan berraco el general zapateiro que dice si no somete a cali en 24 horas renuncia, mejor vaya a som‚Ä¶ https://t.co/ic2L5GBW4S"
GGML2918,she ‚ïëüá®üá¥,"NOS EST√ÅN MATANDO.

#SOSColombiaDDHH 
https://t.co/8Casxy1z9s"
SaldaJuanG,,"Los que hicieron esto son tan criminales como los asesinos contra los que protestan.
Ojal√° los encuentren y los hag‚Ä¶ https://t.co/IxA6pqjpjk"
LYayaOrtiz,Bogota,"Esto se sali√≥ de control, polic√≠as que se aprovechan de esta situaci√≥n y un presiente que no es responsable con sus‚Ä¶ https://t.co/VDtlBsimcE"
Eischosta,"Montr√©al, Qu√©bec",Es decir que no puede hablar @IvanDuque vea crie cuervos... bueno pero subpresidente puede? La libertad de opinar d‚Ä¶ https://t.co/mtljT4es0C
clamer24,,#SOSColombiaDDHH apoyo total @GustavoBolivar
leonardografico,colombia,"Est√°n disparando y arrojando gases lacrim√≥genos en Villamil - Gir√≥n, hay ni√±os y adultos mayores con problemas resp‚Ä¶ https://t.co/6bliUXLCHM"
rogerdouglascm,BARRANQUILLA,Desde el Barrio San Jos√© de la ciudad de Barranquilla apoyamos el Paro Nacional...... un CALDEROLAZO a nuestro modo‚Ä¶ https://t.co/BkZMnghlwB
twtemma,"La Rioja, Argentina","NO IMPORTA LOS SEGUIDORES QUE TENGAS, POR FAVOR DIFUNDE
 ‚ù§Ô∏è‚Äçüî• üá®üá¥ BASTA YA!!!

 #SOSColombiaDDHH‚Ä¶ https://t.co/nALyf0Saja"
miguelzt36,"Bucaramanga, Colombia","Y la horrible noche no ha cesado.
#SOSColombiaDDHH https://t.co/aoATXva2Jt"
danielaguarin5,Colombia ,"A Nicol√°s lo mat√≥ el Esmad, tambi√©n a Dylan, que no se nos olvide.
#NosEstanMatando #SOSColmbia #SOSColombiaDDHH‚Ä¶ https://t.co/qR25rkkMxM"
johnjmontoyaz,,@MafeCarrascal Ya faltaba que la iglesia se pronunciar√° #SOSColombiaDDHH #NosEstanMatando #ColombiaEnAlertaRoja
stefaco,"Cali, Valle del Cauca",@DonIzquierdo_ Necesitamos los nombres y los partidos para tenerlos en cuenta!!! #SOSColombiaDDHH
martwinsxbog,tk‚ô°,üö®‚ö†Ô∏è ATENCI√ìN: es necesario que COPIEN Y PEGUEN la lista de manifestantes desaparecidos durante el #ParoNacional4M e‚Ä¶ https://t.co/e0U5kjxrv4
Han38698410,,@teamkxarii @elpulparindodEm @ONUHumanRights @TembloresOng @DefensoriaCol @PGN_COL @GobiernoBTA @CorteIDH @bbcmundo‚Ä¶ https://t.co/DhVmkBWDkG
MarcosPsuvBnas, Barinas-Venezuela,"Mis m√°s sincero sentir a los familiares de los heridos y fallecidos de la hermana #Colombia, que han salido a las c‚Ä¶ https://t.co/ENwGeoLvrP"
Darkvid21,"Ensenada, Baja California","@Jahfrann No soy de Colombia, pero aun as√≠ tengo miedo.
@ONU_es
@onucolombia 
@ONU_derechos 
@CIDH 
@CNNEE 
@cnnbrk‚Ä¶ https://t.co/s8NdSO4TVS"
RED_OBRERA,"Caracas, Venezuela","#4Mayo 
#SOSColombiaDDHH 
#DuqueAsesino 
#FuerzaCOLOMBIA 

#Venezuela fortalece sus instituciones gracias a la nuev‚Ä¶ https://t.co/immq4DsWUc"
JUANCAELBROKY,Colombia,"Desde Santiago, Chile, las personas se manifiestan en apoyo al Paro Nacional #ParoNacional4M‚Ä¶ https://t.co/sfUiZYvpfq"
aliasyorki,Medell√≠n,"#SOSColombiaDDHH #NosEstanMatando #ColombiaResiste 

Cu√°nto m√°s de este gobierno criminal? 

#SOSColombiaEnDictadura"
DirectordeOper1,,"‚ÄúEn Colombia no hay garant√≠a para la vida, ni para la integridad, ni para el ejercicio libre de la protesta‚Äù: Tembl‚Ä¶ https://t.co/oCZSUdfsmN"
